ts,cpu_percent,desired_replicas,current_replicas,ready_replicas
2026-09-28T17:11:34Z,4,2,2,2
2026-09-28T17:11:40Z,4,2,2,2
2026-09-28T17:11:45Z,5,2,2,2
2026-09-28T17:11:51Z,5,2,2,2
2026-09-28T17:11:57Z,5,2,2,2
2026-09-28T17:12:02Z,4,2,2,2
2026-09-28T17:12:08Z,4,2,2,2
2026-09-28T17:12:13Z,4,2,2,2
2026-09-28T17:12:19Z,176,6,2,2
2026-09-28T17:12:24Z,176,6,2,2
2026-09-28T17:12:29Z,219,8,6,4
2026-09-28T17:12:35Z,219,8,6,6
2026-09-28T17:12:41Z,219,8,6,6
2026-09-28T17:12:46Z,223,8,8,6
2026-09-28T17:12:52Z,223,8,8,6
2026-09-28T17:12:57Z,223,8,8,7
2026-09-28T17:13:03Z,124,10,8,8
2026-09-28T17:13:08Z,124,10,8,8
2026-09-28T17:13:14Z,124,10,8,8
2026-09-28T17:13:19Z,122,10,10,8
2026-09-28T17:13:25Z,122,10,10,8
2026-09-28T17:13:30Z,112,10,10,8
2026-09-28T17:13:36Z,112,10,10,8
2026-09-28T17:13:42Z,112,10,10,8
2026-09-28T17:13:47Z,141,10,10,8
2026-09-28T17:13:53Z,141,10,10,8
2026-09-28T17:13:58Z,141,10,10,9
2026-09-28T17:14:04Z,126,10,10,9
2026-09-28T17:14:09Z,126,10,10,9
2026-09-28T17:14:15Z,138,10,10,9
2026-09-28T17:14:20Z,138,10,10,10
2026-09-28T17:14:26Z,138,10,10,10
2026-09-28T17:14:31Z,121,10,10,10
2026-09-28T17:14:37Z,121,10,10,10
2026-09-28T17:14:43Z,121,10,10,10
2026-09-28T17:14:48Z,119,10,10,10
2026-09-28T17:14:54Z,119,10,10,10
2026-09-28T17:14:59Z,119,10,10,10
2026-09-28T17:15:05Z,133,10,10,10
2026-09-28T17:15:10Z,133,10,10,10
2026-09-28T17:15:16Z,136,10,10,10
2026-09-28T17:15:21Z,136,10,10,10
2026-09-28T17:15:27Z,136,10,10,10
2026-09-28T17:15:33Z,134,10,10,10
2026-09-28T17:15:38Z,134,10,10,10
2026-09-28T17:15:44Z,134,10,10,10
2026-09-28T17:15:49Z,143,10,10,10
2026-09-28T17:15:55Z,143,10,10,10
2026-09-28T17:16:00Z,137,10,10,10
2026-09-28T17:16:06Z,137,10,10,10
2026-09-28T17:16:11Z,137,10,10,10
2026-09-28T17:16:17Z,153,10,10,10
2026-09-28T17:16:23Z,153,10,10,10
2026-09-28T17:16:28Z,153,10,10,10
2026-09-28T17:16:34Z,160,10,10,10
2026-09-28T17:16:39Z,160,10,10,10
2026-09-28T17:16:45Z,51,10,10,10
2026-09-28T17:16:50Z,51,10,10,10
2026-09-28T17:16:56Z,51,10,10,10
2026-09-28T17:17:01Z,4,10,10,10
2026-09-28T17:17:07Z,4,10,10,10
2026-09-28T17:17:13Z,4,10,10,10
2026-09-28T17:17:18Z,4,10,10,10
2026-09-28T17:17:24Z,4,10,10,10
2026-09-28T17:17:29Z,4,10,10,10
2026-09-28T17:17:35Z,4,10,10,10
2026-09-28T17:17:40Z,4,10,10,10
2026-09-28T17:17:46Z,4,10,10,10
2026-09-28T17:17:51Z,4,10,10,10
2026-09-28T17:17:57Z,4,10,10,10
2026-09-28T17:18:02Z,4,10,10,10
2026-09-28T17:18:08Z,4,10,10,10
2026-09-28T17:18:13Z,4,10,10,10
2026-09-28T17:18:19Z,4,10,10,10
2026-09-28T17:18:25Z,4,10,10,10
2026-09-28T17:18:30Z,4,10,10,10
2026-09-28T17:18:36Z,4,10,10,10
2026-09-28T17:18:41Z,4,10,10,10
2026-09-28T17:18:47Z,4,10,10,10
2026-09-28T17:18:52Z,4,10,10,10
2026-09-28T17:18:58Z,4,10,10,10
2026-09-28T17:19:03Z,4,10,10,10
2026-09-28T17:19:09Z,4,10,10,10
2026-09-28T17:19:14Z,4,10,10,10
2026-09-28T17:19:20Z,4,10,10,10
2026-09-28T17:19:25Z,4,10,10,10
2026-09-28T17:19:31Z,4,10,10,10
2026-09-28T17:19:37Z,4,10,10,10
2026-09-28T17:19:42Z,4,10,10,10
2026-09-28T17:19:48Z,4,10,10,10
2026-09-28T17:19:53Z,4,10,10,10
2026-09-28T17:19:59Z,4,10,10,10
2026-09-28T17:20:04Z,4,10,10,10
2026-09-28T17:20:10Z,4,10,10,10
2026-09-28T17:20:15Z,4,10,10,10
2026-09-28T17:20:21Z,4,10,10,10
2026-09-28T17:20:26Z,4,10,10,10
2026-09-28T17:20:32Z,4,10,10,10
2026-09-28T17:20:37Z,4,10,10,10
2026-09-28T17:20:43Z,4,10,10,10
2026-09-28T17:20:48Z,4,10,10,10
2026-09-28T17:20:54Z,4,10,10,10
2026-09-28T17:20:59Z,4,10,10,10
2026-09-28T17:21:05Z,4,10,10,10
2026-09-28T17:21:10Z,4,10,10,10
2026-09-28T17:21:16Z,4,10,10,10
2026-09-28T17:21:22Z,4,10,10,10
2026-09-28T17:21:27Z,4,10,10,10
2026-09-28T17:21:33Z,4,9,10,9
2026-09-28T17:21:38Z,4,9,10,9
2026-09-28T17:21:44Z,4,9,10,9
2026-09-28T17:21:49Z,4,2,9,2
2026-09-28T17:21:55Z,4,2,9,2
2026-09-28T17:22:01Z,4,2,2,2
2026-09-28T17:22:06Z,4,2,2,2
2026-09-28T17:22:12Z,4,2,2,2
2026-09-28T17:22:17Z,4,2,2,2
2026-09-28T17:22:23Z,4,2,2,2
2026-09-28T17:22:28Z,4,2,2,2
2026-09-28T17:22:34Z,4,2,2,2
