epoch,vus,requests,failed,p95_ms
1790615504,0.0,8.0,0.0,154.4
1790615505,1.0,76.0,0.0,31.0
1790615506,2.0,65.0,0.0,80.9
1790615507,2.0,46.0,0.0,81.9
1790615508,3.0,41.0,0.0,619.0
1790615509,4.0,53.0,0.0,180.3
1790615510,4.0,54.0,0.0,122.5
1790615511,5.0,38.0,0.0,671.0
1790615512,6.0,61.0,0.0,191.0
1790615513,6.0,95.0,0.0,162.6
1790615514,7.0,53.0,0.0,195.8
1790615515,8.0,46.0,0.0,491.9
1790615516,8.0,67.0,0.0,253.2
1790615517,9.0,68.0,0.0,195.0
1790615518,9.0,45.0,0.0,435.3
1790615519,10.0,55.0,0.0,529.7
1790615520,11.0,56.0,0.0,380.2
1790615521,11.0,26.0,0.0,820.5
1790615522,12.0,32.0,0.0,914.3
1790615523,13.0,19.0,0.0,708.1
1790615524,13.0,40.0,0.0,1487.3
1790615525,14.0,45.0,0.0,1054.1
1790615526,15.0,56.0,0.0,487.4
1790615527,15.0,29.0,0.0,1079.6
1790615528,16.0,61.0,0.0,1402.0
1790615529,17.0,37.0,0.0,708.1
1790615530,17.0,30.0,0.0,1274.5
1790615531,18.0,55.0,0.0,1084.4
1790615532,19.0,27.0,0.0,1094.8
1790615533,19.0,40.0,0.0,1966.7
1790615534,20.0,51.0,0.0,892.1
1790615535,21.0,59.0,0.0,782.3
1790615536,21.0,70.0,0.0,957.2
1790615537,22.0,51.0,0.0,771.2
1790615538,22.0,59.0,0.0,1101.2
1790615539,23.0,72.0,0.0,784.3
1790615540,24.0,77.0,0.0,574.4
1790615541,24.0,28.0,0.0,515.3
1790615542,25.0,20.0,0.0,2221.7
1790615543,26.0,47.0,0.0,2419.0
1790615544,26.0,65.0,0.0,1281.1
1790615545,27.0,84.0,0.0,898.0
1790615546,28.0,58.0,0.0,983.8
1790615547,28.0,72.0,0.0,1000.2
1790615548,29.0,19.0,0.0,391.7
1790615549,30.0,29.0,0.0,2081.3
1790615550,30.0,74.0,0.0,2805.0
1790615551,31.0,25.0,0.0,493.6
1790615552,32.0,27.0,0.0,2802.2
1790615553,32.0,46.0,0.0,2405.3
1790615554,33.0,33.0,0.0,4062.6
1790615555,34.0,15.0,0.0,2735.3
1790615556,34.0,31.0,0.0,3394.9
1790615557,35.0,23.0,0.0,3332.2
1790615558,35.0,42.0,0.0,4702.0
1790615559,36.0,41.0,0.0,1704.3
1790615560,37.0,63.0,0.0,1301.4
1790615561,37.0,66.0,0.0,1102.0
1790615562,38.0,65.0,0.0,941.7
1790615563,39.0,55.0,0.0,904.9
1790615564,39.0,41.0,0.0,1296.5
1790615565,40.0,37.0,0.0,1531.5
1790615566,40.0,33.0,0.0,2009.8
1790615567,40.0,45.0,0.0,4097.6
1790615568,40.0,68.0,0.0,1598.3
1790615569,40.0,67.0,0.0,4724.0
1790615570,40.0,57.0,0.0,1061.3
1790615571,40.0,50.0,0.0,903.6
1790615572,40.0,43.0,0.0,1161.5
1790615573,40.0,64.0,0.0,1402.6
1790615574,40.0,58.0,0.0,4207.8
1790615575,40.0,61.0,0.0,2239.8
1790615576,40.0,68.0,0.0,1677.5
1790615577,40.0,61.0,0.0,3366.5
1790615578,40.0,38.0,0.0,1064.8
1790615579,40.0,49.0,0.0,4576.3
1790615580,40.0,38.0,0.0,962.2
1790615581,40.0,30.0,0.0,4096.1
1790615582,40.0,55.0,0.0,4601.8
1790615583,40.0,52.0,0.0,4155.9
1790615584,40.0,39.0,0.0,5577.3
1790615585,40.0,45.0,0.0,1500.5
1790615586,40.0,44.0,0.0,1168.9
1790615587,40.0,43.0,0.0,2890.8
1790615588,40.0,82.0,0.0,4300.7
1790615589,40.0,98.0,0.0,1613.8
1790615590,40.0,84.0,0.0,715.9
1790615591,40.0,75.0,0.0,828.3
1790615592,40.0,51.0,0.0,897.3
1790615593,40.0,61.0,0.0,3321.0
1790615594,40.0,81.0,0.0,979.1
1790615595,40.0,102.0,0.0,808.0
1790615596,40.0,70.0,0.0,901.7
1790615597,40.0,96.0,0.0,832.4
1790615598,40.0,85.0,0.0,699.6
1790615599,40.0,86.0,0.0,1190.4
1790615600,40.0,58.0,0.0,1721.9
1790615601,40.0,50.0,0.0,1373.9
1790615602,40.0,48.0,0.0,1498.5
1790615603,40.0,61.0,0.0,4796.2
1790615604,40.0,64.0,0.0,893.8
1790615605,40.0,70.0,0.0,897.9
1790615606,40.0,66.0,0.0,967.9
1790615607,40.0,62.0,0.0,1095.4
1790615608,40.0,38.0,0.0,1495.9
1790615609,40.0,53.0,0.0,3794.8
1790615610,40.0,64.0,0.0,996.2
1790615611,40.0,49.0,0.0,1025.3
1790615612,40.0,51.0,0.0,1169.6
1790615613,40.0,71.0,0.0,1202.5
1790615614,40.0,60.0,0.0,924.5
1790615615,40.0,57.0,0.0,1215.9
1790615616,40.0,63.0,0.0,1077.6
1790615617,40.0,68.0,0.0,998.2
1790615618,40.0,87.0,0.0,793.1
1790615619,40.0,87.0,0.0,898.7
1790615620,40.0,92.0,0.0,693.0
1790615621,40.0,74.0,0.0,793.7
1790615622,40.0,65.0,0.0,872.2
1790615623,40.0,61.0,0.0,874.1
1790615624,40.0,68.0,0.0,1266.6
1790615625,40.0,59.0,0.0,999.8
1790615626,40.0,46.0,0.0,1122.0
1790615627,40.0,66.0,0.0,1192.4
1790615628,40.0,50.0,0.0,893.7
1790615629,40.0,74.0,0.0,1701.3
1790615630,40.0,66.0,0.0,905.1
1790615631,40.0,58.0,0.0,989.5
1790615632,40.0,82.0,0.0,1006.8
1790615633,40.0,92.0,0.0,902.7
1790615634,40.0,82.0,0.0,737.9
1790615635,40.0,69.0,0.0,802.0
1790615636,40.0,63.0,0.0,1198.2
1790615637,40.0,48.0,0.0,1095.6
1790615638,40.0,37.0,0.0,1097.4
1790615639,40.0,51.0,0.0,1429.3
1790615640,40.0,43.0,0.0,709.1
1790615641,40.0,31.0,0.0,4764.7
1790615642,40.0,32.0,0.0,5824.8
1790615643,40.0,77.0,0.0,3089.8
1790615644,40.0,84.0,0.0,3285.2
1790615645,40.0,87.0,0.0,957.9
1790615646,40.0,76.0,0.0,699.6
1790615647,40.0,83.0,0.0,799.4
1790615648,40.0,73.0,0.0,698.7
1790615649,40.0,74.0,0.0,998.2
1790615650,40.0,78.0,0.0,1523.1
1790615651,40.0,58.0,0.0,3594.5
1790615652,40.0,73.0,0.0,801.7
1790615653,40.0,64.0,0.0,1003.7
1790615654,40.0,66.0,0.0,803.4
1790615655,40.0,81.0,0.0,1522.7
1790615656,40.0,46.0,0.0,795.0
1790615657,40.0,64.0,0.0,1225.1
1790615658,40.0,63.0,0.0,994.4
1790615659,40.0,76.0,0.0,676.5
1790615660,40.0,145.0,0.0,289.3
1790615661,40.0,28.0,0.0,2698.2
1790615662,40.0,41.0,0.0,5426.6
1790615663,40.0,97.0,0.0,3091.5
1790615664,40.0,107.0,0.0,969.2
1790615665,40.0,135.0,0.0,467.1
1790615666,40.0,130.0,0.0,329.1
1790615667,40.0,95.0,0.0,182.5
1790615668,40.0,63.0,0.0,2608.2
1790615669,40.0,86.0,0.0,3922.4
1790615670,40.0,140.0,0.0,1474.9
1790615671,40.0,102.0,0.0,696.1
1790615672,40.0,60.0,0.0,1330.4
1790615673,40.0,58.0,0.0,2376.5
1790615674,40.0,54.0,0.0,473.9
1790615675,40.0,47.0,0.0,2511.5
1790615676,40.0,49.0,0.0,2294.5
1790615677,40.0,91.0,0.0,1506.5
1790615678,40.0,122.0,0.0,727.8
1790615679,40.0,95.0,0.0,678.2
1790615680,40.0,84.0,0.0,789.3
1790615681,40.0,63.0,0.0,730.0
1790615682,40.0,72.0,0.0,1093.8
1790615683,40.0,91.0,0.0,1106.4
1790615684,40.0,94.0,0.0,899.4
1790615685,40.0,94.0,0.0,702.4
1790615686,40.0,71.0,0.0,894.5
1790615687,40.0,55.0,0.0,1299.4
1790615688,40.0,59.0,0.0,1897.4
1790615689,40.0,70.0,0.0,910.2
1790615690,40.0,83.0,0.0,892.8
1790615691,40.0,94.0,0.0,1005.1
1790615692,40.0,93.0,0.0,619.0
1790615693,40.0,102.0,0.0,675.5
1790615694,40.0,90.0,0.0,693.7
1790615695,40.0,83.0,0.0,690.2
1790615696,40.0,73.0,0.0,1017.0
1790615697,40.0,76.0,0.0,1442.9
1790615698,40.0,108.0,0.0,585.4
1790615699,40.0,74.0,0.0,1607.1
1790615700,40.0,59.0,0.0,973.9
1790615701,40.0,66.0,0.0,1090.6
1790615702,40.0,73.0,0.0,885.5
1790615703,40.0,77.0,0.0,1095.4
1790615704,40.0,104.0,0.0,803.5
1790615705,40.0,108.0,0.0,606.6
1790615706,40.0,74.0,0.0,879.5
1790615707,40.0,81.0,0.0,900.4
1790615708,40.0,70.0,0.0,1010.0
1790615709,40.0,72.0,0.0,803.2
1790615710,40.0,90.0,0.0,2175.2
1790615711,40.0,95.0,0.0,485.8
1790615712,40.0,124.0,0.0,217.5
1790615713,40.0,66.0,0.0,3099.4
1790615714,40.0,107.0,0.0,2058.2
1790615715,40.0,105.0,0.0,923.8
1790615716,40.0,122.0,0.0,597.8
1790615717,40.0,91.0,0.0,722.3
1790615718,40.0,79.0,0.0,814.1
1790615719,40.0,74.0,0.0,1184.7
1790615720,40.0,80.0,0.0,1206.6
1790615721,40.0,78.0,0.0,808.7
1790615722,40.0,63.0,0.0,773.8
1790615723,40.0,74.0,0.0,1050.0
1790615724,40.0,87.0,0.0,713.8
1790615725,40.0,83.0,0.0,1000.7
1790615726,40.0,115.0,0.0,703.2
1790615727,40.0,139.0,0.0,601.2
1790615728,40.0,142.0,0.0,493.1
1790615729,40.0,98.0,0.0,666.8
1790615730,40.0,77.0,0.0,1274.1
1790615731,40.0,46.0,0.0,1507.1
1790615732,40.0,54.0,0.0,1706.4
1790615733,40.0,46.0,0.0,1105.9
1790615734,40.0,59.0,0.0,901.7
1790615735,40.0,60.0,0.0,1472.4
1790615736,40.0,78.0,0.0,1215.0
1790615737,40.0,61.0,0.0,1020.2
1790615738,40.0,115.0,0.0,1301.6
1790615739,40.0,120.0,0.0,590.4
1790615740,40.0,97.0,0.0,593.5
1790615741,40.0,87.0,0.0,903.0
1790615742,40.0,95.0,0.0,972.6
1790615743,40.0,89.0,0.0,708.8
1790615744,40.0,103.0,0.0,404.0
1790615745,40.0,62.0,0.0,2688.3
1790615746,39.0,100.0,0.0,1101.0
1790615747,38.0,113.0,0.0,710.5
1790615748,37.0,118.0,0.0,604.0
1790615749,37.0,125.0,0.0,603.5
1790615750,37.0,118.0,0.0,497.3
1790615751,36.0,60.0,0.0,1106.3
1790615752,36.0,72.0,0.0,1607.3
1790615753,34.0,77.0,0.0,1367.9
1790615754,34.0,123.0,0.0,1099.1
1790615755,27.0,135.0,0.0,392.3
1790615756,27.0,111.0,0.0,469.7
1790615757,25.0,176.0,0.0,286.3
1790615758,22.0,152.0,0.0,183.0
1790615759,22.0,50.0,0.0,1767.1
1790615760,21.0,43.0,0.0,2317.9
1790615761,21.0,50.0,0.0,1395.7
1790615762,21.0,149.0,0.0,334.8
1790615763,16.0,190.0,0.0,206.7
1790615764,14.0,179.0,0.0,297.1
1790615765,14.0,54.0,0.0,1072.0
1790615766,14.0,63.0,0.0,920.4
1790615767,12.0,140.0,0.0,205.0
1790615768,9.0,319.0,0.0,94.9
1790615769,8.0,330.0,0.0,71.8
1790615770,6.0,360.0,0.0,48.9
1790615771,5.0,354.0,0.0,28.9
1790615772,3.0,373.0,0.0,12.6
1790615773,2.0,234.0,0.0,12.5
1790615774,1.0,71.0,0.0,15.5
